id,name,model_id:id,group_id:id,perm_read,perm_write,perm_create,perm_unlink
access_hotel_room,access_hotel_room,hotel_man.model_hotel_room,base.group_user,1,1,1,1
access_hotel_room_type,access_hotel_room_type,hotel_man.model_hotel_room_type,base.group_user,1,1,1,1
access_hotel_room_registration,access_hotel_room_registration,hotel_man.model_hotel_room_registration,base.group_user,1,1,1,1
access_hotel_document,access_hotel_document,hotel_man.model_hotel_document,base.group_user,1,1,1,1
access_hotel_registration_inquiry,access_hotel_registration_inquiry,hotel_man.model_hotel_registration_inquiry,base.group_user,1,1,1,1
access_hotel_room_guest_line,access_hotel_room_guest_line,hotel_man.model_hotel_room_guest_line,base.group_user,1,1,1,1
access_hotel.room_registration_xlsx,access_hotel_room_registration_xlsx,hotel_man.model_hotel_room_registration_xlsx,base.group_user,1,1,1,1
