<?xml version='1.0' encoding='UTF-8'?>
<odoo>
    <data noupdate="1">
        <record id="hotel_reg_cron_action" model="ir.cron">
            <field name="name">Hotel Registration Cron</field>
            <field name="model_id" ref="hotel_man.model_hotel_room_registration"/>
            <field name="state">code</field>
            <field name="code">model._reg_cancel()</field>
            <field name="interval_number">1</field>
            <field name="interval_type">days</field>
            <field name="numbercall">-1</field>
        </record>

        <record id="hotel_room_enddate_action" model="ir.cron">
            <field name="name">Hotel Room End Date Cron</field>
            <field name="model_id" ref="hotel_man.model_hotel_room_registration"/>
            <field name="state">code</field>
            <field name="code">model._room_draft()</field>
            <field name="interval_number">1</field>
            <field name="interval_type">days</field>
            <field name="numbercall">-1</field>
        </record>
    </data>
</odoo>
