<odoo>
    <!--    <data noupdate="1">-->
    <!--Email template -->
    <record id="reg_email_template" model="mail.template">
        <field name="name">Email Template</field>
        <field name="model_id" ref="hotel_man.model_hotel_room_registration"/>
        <field name="email_from">${user.company_id.email | safe}</field>
        <field name="email_to">${object.room_guest_line_ids.guest_ids.email}</field>
        <!--        <field name="email_to">${object.get_email_to()}</field>-->
        <field name="subject">Ref ${object.reg_no or 'n/a' }</field>
        <field name="report_template" ref="hotel_man.registration_report"/>
        <field name="auto_delete" eval="True"/>
        <!--        <field name="lang">${object.room_guest_line_ids.guest_ids.lang}</field>-->
        <field name="body_html"><![CDATA[
            <p>Hi</p>
            <br/>
            <p>Here is the details of Registration</p>
            <br/>
            ]]>
           </field>
    </record>
    <!--    </data>-->
</odoo>